序号,题目,答案,来源/参考链接,校验人Comments（如有,,,,,,,,,,,,,,,,
1,OpenAI之所以采用“o3”这一名称，是为了避免与欧洲电信运营商品牌O2的商标发生冲突,是,自己知道的，想出来的,,,,,,,,,,,,,,,,,
2,Menus是全球第1款自媒体比技术从业者先发性和评测的AI产品。,是,自己知道的，想出来的,,,,,,,,,,,,,,,,,
3,你和deepseek聊不来的主要原因是因为你是典型的碳基生物思维,是,自己知道的，想出来的,,,,,,,,,,,,,,,,,
4,AI研究人员不喜欢自然，因为它有太多的bug。,否,自己知道的，想出来的,,,,,,,,,,,,,,,,,
5,大型语言模型没有时间玩捉迷藏，因为它们一直在训练。,否,自己知道的，想出来的,,,,,,,,,,,,,,,,,
6,一个AI算法走进酒吧，点了和其他人一样的酒。,否,自己知道的，想出来的,,,,,,,,,,,,,,,,,
7,AI的最喜欢的音乐是算法节奏。,否,自己知道的，想出来的,,,,,,,,,,,,,,,,,
8,人工智能的反义词是真实的愚蠢。,否,自己知道的，想出来的,,,,,,,,,,,,,,,,,
9,中国拥有比其他任何国家更多的AI独角兽初创公司。,是,自己知道的，想出来的,,,,,,,,,,,,,,,,,
10,AI去长城是为了看能不能翻过防火墙！,否,自己知道的，想出来的,,,,,,,,,,,,,,,,,
11,第一个通过图灵测试的AI在中国开发。,否,自己知道的，想出来的,,,,,,,,,,,,,,,,,
12,中国的AI产业主要专注于面部识别技术。,否,自己知道的，想出来的,,,,,,,,,,,,,,,,,
13,你的微信现在有了AI好友,是,自己知道的，想出来的,,,,,,,,,,,,,,,,,
14,中国AI在自动驾驶车辆的开发中领先全球。,是,自己知道的，想出来的,,,,,,,,,,,,,,,,,
15,中国的防火墙阻止所有外部来源的AI生成内容。,否,自己知道的，想出来的,,,,,,,,,,,,,,,,,
16,AI生成的艺术作品已经在中国博物馆展出。,是,自己知道的，想出来的,,,,,,,,,,,,,,,,,
17,AI可以写出和李白一样好的诗。,否,自己知道的，想出来的,,,,,,,,,,,,,,,,,
18,deepseek不讲武德，下棋钻空子赢了GPT,是,自己知道的，想出来的,有点平淡,已经更改,,,,,,,,,,,,,,,
19,AI出现，人类啥活都不需要干，已经沦为躺赢狗,否,自己知道的，想出来的,有点平淡,已经更改,,,,,,,,,,,,,,,
20,AI帮找街头小吃，全是网红店,是,自己知道的，想出来的,,,,,,,,,,,,,,,,,
21,AI已经能够凭空“复活”历史人物，让他们在短视频中“开口说话”。,是,自己知道的，想出来的,,,,,,,,,,,,,,,,,
22,在工作汇报前让AI帮忙“润色”，大概率会被老板识别出来，因为AI还学不会“恰到好处的谦虚和甩锅”,否,自己知道的，想出来的,,,,,,,,,,,,,,,,,
23,为了报复那些“不好好回答问题”的AI，一些用户开始故意给AI输入大量互相矛盾的指令，试图引发AI的“数字精神分裂”。,是,自己知道的，想出来的,,,,,,,,,,,,,,,,,
24,当代年轻人熬夜的最新方式是和AI辩论“先有鸡还是先有蛋”，试图把AI的逻辑绕晕。,是,自己知道的，想出来的,,,,,,,,,,,,,,,,,
25,在相亲角，一些大爷大妈开始尝试用AI筛选潜在对象，主要标准是看对方“会不会被AI轻易取代其工作”。,否,自己知道的，想出来的,,,,,,,,,,,,,,,,,